<?xml version="1.0" encoding="UTF-8" standalone="yes"?>
<app version="1">
  <name>SaveGame Manager GX</name>
  <coder>Dj_Skual</coder>
  <version>rev127</version>
  <release_date>20171017160843</release_date>
  <!--   // remove this line to enable arguments
  <arguments>
    <arg>-ios=58</arg>
  </arguments>
  // remove this line to enable arguments  -->
  <no_ios_reload/>
  <ahb_access/>
  <short_description>SaveGames/Mii Manager</short_description> 
  <long_description>A Savegame/Mii extractor and installer for the Wii by Dj_Skual.

Features:
 * SDHC, USB2 and GC MemoryCard support (hot-plug)
 * USB support FAT, NTFS and EXT2FS
 * Official saves support (data.bin)
 * Protected saves support
 * GameCube saves support (.gci)
 * GameCube memory cards support (extract/restore .raw/.mci/.gcp images)
 * GameCube memory cards raw images support (manage saves like in real card)
 * GameCube memory cards raw images creation and resize
 * Emulated Nand support (3 slots available)
 * Miis Support (with face display and unlock not editable miis)
 * Multilanguage support 
 * Custom Font support
 * Themes support (direct download on www.spiffy360.com)
 * GameTDB support
 * Display informations about Savegames/Data.bin in a special window
   (Name, Subname, ID, BlockSize, Icon)
 * Display informations about Miis in a special window
   (Name, Creator, Date, Gender, Favorite Color)
 * Extract, Install, Delete, Copy, Move fonctions are available
 * Custom Background Music support (AIF/MP3/OGG/BNS/WAV)
 * WiiMote, Classic, GameCube support
 * WiiU Pro Controllers support (on vWii)
 * WiiU GamePad Controller support when booted from a WiiU WiiVC
 * Online AutoUpdate
 * Homebrew Browser
 * Channel Browser
 * ScreenSaver
 * Screenshots

Credits:
  Coding: Dj_Skual, Giantpune
  Artworks: Neorame, Cyrex, Dj_Skual
  Languages: Dj Skual and Translaters

  Libwiigui: Tantric
  Libogc/Devkit: Shagkur and Wintermute
  FreeTypeGX: Armin Tamzarian.
  
Thanks to:
  Waninkoko for SaveGame Manager sources
  USB Loader GX Team for sources and artworks
  WiiXplorer Team for WiiXplorer sources
  Lustar for GameTDB (Game Title DataBase)
  Spiffy360 Team for Themes hosting
  WiiSave Team for Saves hosting
  Attila from wii-info.fr for help and support
  Suloku for his help about GC features

Links:
  SaveGame Manager GX Project Page:
    https://sourceforge.net/projects/savegame-manager-gx/
  Libwiigui Website:
    http://wiibrew.org/wiki/Libwiigui/
  GameTDB Website:
    http://gametdb.com
  Spiffy360 Website:
    http://wii.spiffy360.com/index.php
  WiiSave Website:
    http://www.wiisave.com
  FreeTypeGX Project Page:
    http://code.google.com/p/freetypegx/
  Gettext Official Page:
    http://www.gnu.org/software/gettext/
    gettext.html
  </long_description> 
</app>
