<?xml version="1.0" encoding="UTF-8" standalone="yes"?>
<app version="1.0.3B">
  <name>BlueMSX-Wii</name>
  <coder>Tim Brugman, Wiimpathy</coder>
  <version>v1.0.3B</version>
  <release_date>201903280000</release_date>
  <short_description>BlueMSX port for Wii</short_description>
  <long_description>
BlueMSX ported to Wii with game selection GUI.
On first start an MSX directory will be created in the root of your SD-Card with all necessary files.
A basic gamepack can also be installed automatically, for a full gamepack visit our website http://www.wiimsx.com.
Games can easily be added to the MSX/Games folder by editing .xml files, see guides on our website.
  </long_description>
		<arguments>
			<arg>sd:/apps/blueMSXWii_SRL/game/game.mx2</arg> <!-- MSX ROM to load in .mx1/.mx2/.zip - Example: sd:/MSX/Games/MSX1/Action/Arkanoid.zip -->
		<!--   // remove this line to enable arguments
			<arg>-240p</arg>
		// remove this line to enable arguments -->
		</arguments>
  <ahb_access/>
</app>
